<?xml version="1.0" encoding="UTF-8" standalone="no"?>
<root>
    <doclet-version-NOT-library-version>1.00</doclet-version-NOT-library-version>
    <class>
        <name>B4R::B4RDHTESP</name>
        <shortname>DHTESP</shortname>
        <comment>ESP DHT11 DHT22 lib</comment>
        <method>
            <name DesignerName="Setup11">Setup11</name>
            <comment>Setup DHT11.</comment>
            <returntype>B4R::void</returntype>
            <parameter>
                <name>Pin</name>
                <type>Byte</type>
            </parameter>
        </method>
        <method>
            <name DesignerName="Setup22">Setup22</name>
            <comment>Setup DHT22.</comment>
            <returntype>B4R::void</returntype>
            <parameter>
                <name>Pin</name>
                <type>Byte</type>
            </parameter>
        </method>
        <method>
            <name DesignerName="GetHumidity">GetHumidity</name>
            <comment>Read Humidity as Percentage from DHT.
Returns nan if there was a failure.</comment>
            <returntype>float</returntype>
        </method>
        <method>
            <name DesignerName="GetTemperature">GetTemperature</name>
            <comment>Read temperature from DHT (Celsius).
Returns nan if there was a failure.</comment>
            <returntype>float</returntype>
        </method>
    </class>
    <version>1.01</version>
    <author>Robert W.B. Linn</author>
</root>
