<?xml version="1.0" encoding="UTF-8" standalone="no"?>
<root>
    <doclet-version-NOT-library-version>1.00</doclet-version-NOT-library-version>
    <class>
        <name>B4R::B4RDHT</name>
        <shortname>DHTEx</shortname>
        <comment>rDHTEX - B4R Library for DHT11 and DHT22 sensors.
Wrapped from this open source library https://github.com/RobTillaart/DHTstable (https://www.arduino.cc/reference/en/libraries/dhtstable/)
The version number of this library is the same as the wrapped library.</comment>
        <method>
            <name DesignerName="Initialize">Initialize</name>
            <comment>Initialize the DHT module.</comment>
            <returntype>B4R::void</returntype>
        </method>
        <method>
            <name DesignerName="Read11">Read11</name>
            <comment>Read value from DHT11 specified pin.
Pin - DHT11 data pin.
Returns OK, ERROR_CHECKSUM, ERROR_TIMEOUT</comment>
            <returntype>int</returntype>
            <parameter>
                <name>Pin</name>
                <type>Byte</type>
            </parameter>
        </method>
        <method>
            <name DesignerName="Read22">Read22</name>
            <comment>Read value from DHT22 specified pin.
Pin - DHT22 data pin.
Returns OK, ERROR_CHECKSUM, ERROR_TIMEOUT</comment>
            <returntype>int</returntype>
            <parameter>
                <name>Pin</name>
                <type>Byte</type>
            </parameter>
        </method>
        <method>
            <name DesignerName="GetHumidity">GetHumidity</name>
            <comment>Get the Humidity as Percentage.
Use Read11() or Read22() to refresh.
Returns Humidity 0 - 100% or INVALID_VALUE (-999).</comment>
            <returntype>double</returntype>
        </method>
        <method>
            <name DesignerName="GetTemperature">GetTemperature</name>
            <comment>Get the temperature in Celsius.
Use Read11() or Read22() to refresh.
Returns Temperature °C or INVALID_VALUE (-999).</comment>
            <returntype>double</returntype>
        </method>
        <method>
            <name DesignerName="GetDisableIRQ">GetDisableIRQ</name>
            <comment>Get the IRQ state.
Returns true if IRQ disabled.</comment>
            <returntype>bool</returntype>
        </method>
        <method>
            <name DesignerName="SetDisableIRQ">SetDisableIRQ</name>
            <comment>Disable the IRQ.</comment>
            <returntype>B4R::void</returntype>
            <parameter>
                <name>b</name>
                <type>bool</type>
            </parameter>
        </method>
        <field>
            <name DefineMethod="true" DesignerName="READ_OK">B4RDHT_READ_OK</name>
            <comment>const int DHTLIB_OK              = 0;</comment>
            <returntype>int</returntype>
        </field>
        <field>
            <name DefineMethod="true" DesignerName="READ_ERROR_CHECKSUM">B4RDHT_READ_ERROR_CHECKSUM</name>
            <comment>const int DHTLIB_ERROR_CHECKSUM  = -1;</comment>
            <returntype>int</returntype>
        </field>
        <field>
            <name DefineMethod="true" DesignerName="READ_ERROR_TIMEOUT">B4RDHT_READ_ERROR_TIMEOUT</name>
            <comment>const int DHTLIB_ERROR_TIMEOUT   = -2;</comment>
            <returntype>int</returntype>
        </field>
        <field>
            <name DefineMethod="true" DesignerName="READ_ERROR_INVALID_VALUE">B4RDHT_READ_ERROR_INVALID_VALUE</name>
            <comment>const int DHTLIB_INVALID_VALUE   = -999;</comment>
            <returntype>int</returntype>
        </field>
        <field>
            <name DefineMethod="true" DesignerName="DHT11_WAKEUP">B4RDHT_DHT11_WAKEUP</name>
            <comment>const int DHTLIB_DHT11_WAKEUP    = 18;</comment>
            <returntype>int</returntype>
        </field>
        <field>
            <name DefineMethod="true" DesignerName="DHT_WAKEUP">B4RDHT_DHT_WAKEUP</name>
            <comment>const int DHTLIB_DHT_WAKEUP      = 1;</comment>
            <returntype>int</returntype>
        </field>
    </class>
    <version>1.11</version>
    <author>rwbl</author>
</root>
