<?xml version="1.0" encoding="utf-8"?>
<root>
  <doclet-version-NOT-library-version>1.00</doclet-version-NOT-library-version>
  <b4x_version>12.80</b4x_version>
  <dependsOn>xui</dependsOn>
  <class>
    <name>b4a.example.b4xtree._treetype</name>
    <shortname>TreeType</shortname>
    <owner>process</owner>
    <method>
      <name>Initialize</name>
      <comment>Inizializza i campi al loro valore predefinito.</comment>
      <returntype>void</returntype>
    </method>
    <field>
      <name>IsInitialized</name>
      <comment>Verifica se l'oggetto sia stato inizializzato.</comment>
      <returntype>boolean</returntype>
    </field>
    <field>
      <name>Name</name>
      <returntype>String</returntype>
    </field>
    <field>
      <name>Info</name>
      <returntype>String</returntype>
    </field>
    <field>
      <name>Note</name>
      <returntype>String</returntype>
    </field>
    <field>
      <name>ID</name>
      <returntype>String</returntype>
    </field>
    <field>
      <name>IDParent</name>
      <returntype>String</returntype>
    </field>
    <field>
      <name>Parent</name>
      <returntype>boolean</returntype>
    </field>
    <field>
      <name>Open</name>
      <returntype>boolean</returntype>
    </field>
    <field>
      <name>OpenAwesoneSymbol</name>
      <returntype>String</returntype>
    </field>
    <field>
      <name>CloseAwesoneSymbol</name>
      <returntype>String</returntype>
    </field>
    <field>
      <name>FontSymbol</name>
      <returntype>anywheresoftware.b4a.objects.B4XViewWrapper.B4XFont</returntype>
    </field>
    <field>
      <name>Color</name>
      <returntype>int</returntype>
    </field>
    <field>
      <name>FontNote</name>
      <returntype>anywheresoftware.b4a.objects.B4XViewWrapper.B4XFont</returntype>
    </field>
    <field>
      <name>ColorNote</name>
      <returntype>int</returntype>
    </field>
    <field>
      <name>LastTop</name>
      <returntype>int</returntype>
    </field>
    <field>
      <name>LastHeight</name>
      <returntype>int</returntype>
    </field>
    <field>
      <name>Badge</name>
      <returntype>boolean</returntype>
    </field>
    <field>
      <name>mBadge</name>
      <returntype>String</returntype>
    </field>
    <field>
      <name>Drawed</name>
      <returntype>boolean</returntype>
    </field>
  </class>
  <class>
    <name>b4a.example.b4xtree</name>
    <shortname>B4XTree</shortname>
    <owner>activity</owner>
    <event>Click (IDLeaf As String, LeafName As String)</event>
    <event>ClickBranch (ID As String, Expanded As Boolean)</event>
    <event>LongRightClick (IDLeaf As String, LeafName As String)</event>
    <event>LongRightClickBranch (ID As String, BranchName As String)</event>
    <designerProperty>Key: OneBranch, DisplayName: Open Only One, FieldType: Boolean, DefaultValue: True, Description: Open Only One Single Branch</designerProperty>
    <designerProperty>Key: TextSize, DisplayName: TextSize, FieldType: int, DefaultValue: 15, MinRange: 8, MaxRange: 70, Description: TextSize</designerProperty>
    <designerProperty>Key: InfoTextSize, DisplayName: InfoTextSize, FieldType: int, DefaultValue: 13, MinRange: 8, MaxRange: 70, Description: Info Text Size</designerProperty>
    <designerProperty>Key: BackgroundColor, DisplayName: BackGround Color, FieldType: Color, DefaultValue: 0x00000000, Description: Background color</designerProperty>
    <designerProperty>Key: SymbolColor, DisplayName: Symbol Color, FieldType: Color, DefaultValue: 0xFFFFFFFF, Description: Brach Text Color</designerProperty>
    <designerProperty>Key: BranchColor, DisplayName: Brach Text Color, FieldType: Color, DefaultValue: 0xFFFFFFFF, Description: Brach Text Color</designerProperty>
    <designerProperty>Key: LeafColor, DisplayName: Leaf Text Color, FieldType: Color, DefaultValue: 0xFFC3C3C3, Description: Leaf Text Color</designerProperty>
    <method>
      <name>IsInitialized</name>
      <comment>Verifica se l'oggetto sia stato inizializzato.</comment>
      <returntype>boolean</returntype>
    </method>
    <method>
      <name DesignerName="Add">_v5</name>
      <comment> Add Branch with Symbol(FontAwesone) and Leaf (list)
</comment>
      <returntype>String</returntype>
      <parameter>
        <name>Name</name>
        <type>String</type>
      </parameter>
      <parameter>
        <name>IDBranch</name>
        <type>String</type>
      </parameter>
      <parameter>
        <name>FontAwesoneSymbol</name>
        <type>String</type>
      </parameter>
      <parameter>
        <name>Color</name>
        <type>int</type>
      </parameter>
      <parameter>
        <name>ListLeaf</name>
        <type>String[]</type>
      </parameter>
    </method>
    <method>
      <name DesignerName="Add2">_v6</name>
      <comment> Add Branch with Symbol(FontAwesone) and Leaf (list)
</comment>
      <returntype>String</returntype>
      <parameter>
        <name>Name</name>
        <type>String</type>
      </parameter>
      <parameter>
        <name>IDBranch</name>
        <type>String</type>
      </parameter>
      <parameter>
        <name>Symbol</name>
        <type>String</type>
      </parameter>
      <parameter>
        <name>FontSymbol</name>
        <type>anywheresoftware.b4a.objects.B4XViewWrapper.B4XFont</type>
      </parameter>
      <parameter>
        <name>Color</name>
        <type>int</type>
      </parameter>
      <parameter>
        <name>ListLeaf</name>
        <type>String[]</type>
      </parameter>
    </method>
    <method>
      <name DesignerName="AddBranch">_v0</name>
      <comment> Add Branch
</comment>
      <returntype>String</returntype>
      <parameter>
        <name>Name</name>
        <type>String</type>
      </parameter>
      <parameter>
        <name>IDBranch</name>
        <type>String</type>
      </parameter>
      <parameter>
        <name>IDParent</name>
        <type>String</type>
      </parameter>
      <parameter>
        <name>FontAwesoneSymbol</name>
        <type>String</type>
      </parameter>
      <parameter>
        <name>Color</name>
        <type>int</type>
      </parameter>
    </method>
    <method>
      <name DesignerName="AddBranch2">_vv1</name>
      <comment> Add Branch with Symbol
</comment>
      <returntype>String</returntype>
      <parameter>
        <name>Name</name>
        <type>String</type>
      </parameter>
      <parameter>
        <name>IDBranch</name>
        <type>String</type>
      </parameter>
      <parameter>
        <name>IDParent</name>
        <type>String</type>
      </parameter>
      <parameter>
        <name>Symbol</name>
        <type>String</type>
      </parameter>
      <parameter>
        <name>FontSymbol</name>
        <type>anywheresoftware.b4a.objects.B4XViewWrapper.B4XFont</type>
      </parameter>
      <parameter>
        <name>Color</name>
        <type>int</type>
      </parameter>
    </method>
    <method>
      <name DesignerName="AddBranchDoubleSymbol">_vv2</name>
      <comment> Add Branch with double symbol
</comment>
      <returntype>String</returntype>
      <parameter>
        <name>Name</name>
        <type>String</type>
      </parameter>
      <parameter>
        <name>IDBranch</name>
        <type>String</type>
      </parameter>
      <parameter>
        <name>IDParent</name>
        <type>String</type>
      </parameter>
      <parameter>
        <name>OpenSymbol</name>
        <type>String</type>
      </parameter>
      <parameter>
        <name>CloseSymbol</name>
        <type>String</type>
      </parameter>
      <parameter>
        <name>FontSymbol</name>
        <type>anywheresoftware.b4a.objects.B4XViewWrapper.B4XFont</type>
      </parameter>
      <parameter>
        <name>Color</name>
        <type>int</type>
      </parameter>
    </method>
    <method>
      <name DesignerName="AddDoubleSymbol">_vv3</name>
      <comment> Add Branch with double Symbol and Leaf (list)
</comment>
      <returntype>String</returntype>
      <parameter>
        <name>Name</name>
        <type>String</type>
      </parameter>
      <parameter>
        <name>IDBranch</name>
        <type>String</type>
      </parameter>
      <parameter>
        <name>OpenSymbol</name>
        <type>String</type>
      </parameter>
      <parameter>
        <name>CloseSymbol</name>
        <type>String</type>
      </parameter>
      <parameter>
        <name>FontSymbol</name>
        <type>anywheresoftware.b4a.objects.B4XViewWrapper.B4XFont</type>
      </parameter>
      <parameter>
        <name>Color</name>
        <type>int</type>
      </parameter>
      <parameter>
        <name>ListLeaf</name>
        <type>String[]</type>
      </parameter>
    </method>
    <method>
      <name DesignerName="AddLeaf">_vv4</name>
      <comment> Add Leaf to branch
</comment>
      <returntype>String</returntype>
      <parameter>
        <name>Name</name>
        <type>String</type>
      </parameter>
      <parameter>
        <name>Info</name>
        <type>String</type>
      </parameter>
      <parameter>
        <name>IDBLeaf</name>
        <type>String</type>
      </parameter>
      <parameter>
        <name>IDParent</name>
        <type>String</type>
      </parameter>
    </method>
    <method>
      <name DesignerName="AddLeaf2">_vv5</name>
      <comment> Add Leaf to branch
</comment>
      <returntype>String</returntype>
      <parameter>
        <name>Name</name>
        <type>String</type>
      </parameter>
      <parameter>
        <name>Info</name>
        <type>String</type>
      </parameter>
      <parameter>
        <name>Note</name>
        <type>String</type>
      </parameter>
      <parameter>
        <name>IDBLeaf</name>
        <type>String</type>
      </parameter>
      <parameter>
        <name>IDParent</name>
        <type>String</type>
      </parameter>
    </method>
    <method>
      <name DesignerName="AddLeaf3">_vv6</name>
      <comment> Add Leaf with info, note andSymbol to branch
</comment>
      <returntype>String</returntype>
      <parameter>
        <name>Name</name>
        <type>String</type>
      </parameter>
      <parameter>
        <name>Info</name>
        <type>String</type>
      </parameter>
      <parameter>
        <name>Note</name>
        <type>String</type>
      </parameter>
      <parameter>
        <name>FontNote</name>
        <type>anywheresoftware.b4a.objects.B4XViewWrapper.B4XFont</type>
      </parameter>
      <parameter>
        <name>ColorNote</name>
        <type>int</type>
      </parameter>
      <parameter>
        <name>IDBLeaf</name>
        <type>String</type>
      </parameter>
      <parameter>
        <name>IDParent</name>
        <type>String</type>
      </parameter>
      <parameter>
        <name>FontAwesoneSymbol</name>
        <type>String</type>
      </parameter>
      <parameter>
        <name>FontSymbol</name>
        <type>anywheresoftware.b4a.objects.B4XViewWrapper.B4XFont</type>
      </parameter>
    </method>
    <method>
      <name DesignerName="AddLeaf3OnTop">_vv7</name>
      <comment> Add Leaf with info,note and Symbol to branch on top
</comment>
      <returntype>String</returntype>
      <parameter>
        <name>Name</name>
        <type>String</type>
      </parameter>
      <parameter>
        <name>Info</name>
        <type>String</type>
      </parameter>
      <parameter>
        <name>Note</name>
        <type>String</type>
      </parameter>
      <parameter>
        <name>FontNote</name>
        <type>anywheresoftware.b4a.objects.B4XViewWrapper.B4XFont</type>
      </parameter>
      <parameter>
        <name>ColorNote</name>
        <type>int</type>
      </parameter>
      <parameter>
        <name>IDBLeaf</name>
        <type>String</type>
      </parameter>
      <parameter>
        <name>IDBranch</name>
        <type>String</type>
      </parameter>
      <parameter>
        <name>FontAwesoneSymbol</name>
        <type>String</type>
      </parameter>
      <parameter>
        <name>FontSymbol</name>
        <type>anywheresoftware.b4a.objects.B4XViewWrapper.B4XFont</type>
      </parameter>
    </method>
    <method>
      <name DesignerName="AddLeafOnTop">_vv0</name>
      <comment> Add Leaf on top to Branch
</comment>
      <returntype>String</returntype>
      <parameter>
        <name>Name</name>
        <type>String</type>
      </parameter>
      <parameter>
        <name>Info</name>
        <type>String</type>
      </parameter>
      <parameter>
        <name>IDLeaf</name>
        <type>String</type>
      </parameter>
      <parameter>
        <name>IDBranch</name>
        <type>String</type>
      </parameter>
    </method>
    <method>
      <name DesignerName="AddLeafwithSymbol">_vvv1</name>
      <comment> Add Leaf with Symbol to branch
</comment>
      <returntype>String</returntype>
      <parameter>
        <name>Name</name>
        <type>String</type>
      </parameter>
      <parameter>
        <name>Info</name>
        <type>String</type>
      </parameter>
      <parameter>
        <name>IDBLeaf</name>
        <type>String</type>
      </parameter>
      <parameter>
        <name>IDParent</name>
        <type>String</type>
      </parameter>
      <parameter>
        <name>FontAwesoneSymbol</name>
        <type>String</type>
      </parameter>
      <parameter>
        <name>FontSymbol</name>
        <type>anywheresoftware.b4a.objects.B4XViewWrapper.B4XFont</type>
      </parameter>
    </method>
    <method>
      <name DesignerName="AddLeafwithSymbolOnTop">_vvv2</name>
      <comment> Add Leaf with Symbol to branch on top
</comment>
      <returntype>String</returntype>
      <parameter>
        <name>Name</name>
        <type>String</type>
      </parameter>
      <parameter>
        <name>Info</name>
        <type>String</type>
      </parameter>
      <parameter>
        <name>IDBLeaf</name>
        <type>String</type>
      </parameter>
      <parameter>
        <name>IDBranch</name>
        <type>String</type>
      </parameter>
      <parameter>
        <name>FontAwesoneSymbol</name>
        <type>String</type>
      </parameter>
      <parameter>
        <name>FontSymbol</name>
        <type>anywheresoftware.b4a.objects.B4XViewWrapper.B4XFont</type>
      </parameter>
    </method>
    <method>
      <name DesignerName="Class_Globals">_class_globals</name>
      <returntype>String</returntype>
    </method>
    <method>
      <name DesignerName="Clear">_vvv3</name>
      <returntype>String</returntype>
    </method>
    <method>
      <name DesignerName="CollapsesAllBranch">_vvv4</name>
      <returntype>String</returntype>
    </method>
    <method>
      <name DesignerName="CollapsesBranch">_vvv5</name>
      <returntype>String</returntype>
      <parameter>
        <name>IDBranch</name>
        <type>String</type>
      </parameter>
    </method>
    <method>
      <name DesignerName="CollapsesBranchAndSOn">_vvv6</name>
      <returntype>String</returntype>
      <parameter>
        <name>IDBranch</name>
        <type>String</type>
      </parameter>
    </method>
    <method>
      <name DesignerName="DesignerCreateView">_designercreateview</name>
      <comment>Base type must be Object
</comment>
      <returntype>String</returntype>
      <parameter>
        <name>Base</name>
        <type>Object</type>
      </parameter>
      <parameter>
        <name>Lbl</name>
        <type>anywheresoftware.b4a.objects.LabelWrapper</type>
      </parameter>
      <parameter>
        <name>Props</name>
        <type>anywheresoftware.b4a.objects.collections.Map</type>
      </parameter>
    </method>
    <method>
      <name DesignerName="ExpandAllBranch">_vvvv4</name>
      <returntype>String</returntype>
    </method>
    <method>
      <name DesignerName="ExpandBranch">_vvvv5</name>
      <returntype>String</returntype>
      <parameter>
        <name>IDBranch</name>
        <type>String</type>
      </parameter>
    </method>
    <method>
      <name DesignerName="ExpandBranchAndSon">_vvvv6</name>
      <returntype>String</returntype>
      <parameter>
        <name>IDBranch</name>
        <type>String</type>
      </parameter>
    </method>
    <method>
      <name DesignerName="getBase" HideFromIDE="true">_getvvvvvvvvvv3</name>
      <returntype>anywheresoftware.b4a.objects.B4XViewWrapper</returntype>
    </method>
    <method>
      <name DesignerName="GetBranchName">_vvvvv1</name>
      <returntype>String</returntype>
      <parameter>
        <name>IDBranch</name>
        <type>String</type>
      </parameter>
    </method>
    <method>
      <name DesignerName="GetBranchOfLeaf">_vvvvv2</name>
      <returntype>String</returntype>
      <parameter>
        <name>IDLeaf</name>
        <type>String</type>
      </parameter>
    </method>
    <method>
      <name DesignerName="getBranchTextColor" HideFromIDE="true">_getvvvvvvvvvv4</name>
      <returntype>int</returntype>
    </method>
    <method>
      <name DesignerName="getHeight" HideFromIDE="true">_getvvvvvvvvvv5</name>
      <returntype>int</returntype>
    </method>
    <method>
      <name DesignerName="getInfoTextSize" HideFromIDE="true">_getvvvvvvvvvv6</name>
      <returntype>int</returntype>
    </method>
    <method>
      <name DesignerName="getItemHeight" HideFromIDE="true">_getvvvvvvvvvv7</name>
      <returntype>int</returntype>
    </method>
    <method>
      <name DesignerName="GetLeafBadgeActive">_vvvvv7</name>
      <returntype>boolean</returntype>
      <parameter>
        <name>IDLeaf</name>
        <type>String</type>
      </parameter>
    </method>
    <method>
      <name DesignerName="GetLeafBadgeText">_vvvvv0</name>
      <returntype>String</returntype>
      <parameter>
        <name>IDLeaf</name>
        <type>String</type>
      </parameter>
    </method>
    <method>
      <name DesignerName="GetLeafInfo">_vvvvvv1</name>
      <returntype>String</returntype>
      <parameter>
        <name>IDLeaf</name>
        <type>String</type>
      </parameter>
    </method>
    <method>
      <name DesignerName="GetLeafName">_vvvvvv2</name>
      <returntype>String</returntype>
      <parameter>
        <name>IDLeaf</name>
        <type>String</type>
      </parameter>
    </method>
    <method>
      <name DesignerName="getLeafTextColor" HideFromIDE="true">_getvvvvvvvvvv0</name>
      <returntype>int</returntype>
    </method>
    <method>
      <name DesignerName="getLeft" HideFromIDE="true">_getvvvvvvvvvvv1</name>
      <returntype>int</returntype>
    </method>
    <method>
      <name DesignerName="getOnlyCornerColor" HideFromIDE="true">_getvvvvvvvvvvv2</name>
      <returntype>boolean</returntype>
    </method>
    <method>
      <name DesignerName="getOpenOnlyOneBranch" HideFromIDE="true">_getvvvvvvvvvvv3</name>
      <returntype>boolean</returntype>
    </method>
    <method>
      <name DesignerName="getTextSize" HideFromIDE="true">_getvvvvvvvvvvv4</name>
      <returntype>int</returntype>
    </method>
    <method>
      <name DesignerName="getTimeAnimation" HideFromIDE="true">_getvvvvvvvvvvv5</name>
      <returntype>int</returntype>
    </method>
    <method>
      <name DesignerName="getTop" HideFromIDE="true">_getvvvvvvvvvvv6</name>
      <returntype>int</returntype>
    </method>
    <method>
      <name DesignerName="getWidth" HideFromIDE="true">_getvvvvvvvvvvv7</name>
      <returntype>int</returntype>
    </method>
    <method>
      <name DesignerName="Initialize">_initialize</name>
      <returntype>String</returntype>
      <parameter>
        <name>ba</name>
        <type>anywheresoftware.b4a.BA</type>
      </parameter>
      <parameter>
        <name>Callback</name>
        <type>Object</type>
      </parameter>
      <parameter>
        <name>EventName</name>
        <type>String</type>
      </parameter>
    </method>
    <method>
      <name DesignerName="Invalidate">_vvvvvvv3</name>
      <returntype>void</returntype>
    </method>
    <method>
      <name DesignerName="ListOfIDBraches">_vvvvvvv4</name>
      <comment>Returns a list of strings
This list contains the IDs of the sub-branches attached To a branch
</comment>
      <returntype>anywheresoftware.b4a.objects.collections.List</returntype>
      <parameter>
        <name>IDBranche</name>
        <type>String</type>
      </parameter>
    </method>
    <method>
      <name DesignerName="ListOfIDLeafs">_vvvvvvv5</name>
      <comment>Returns a list of strings
This list contains the IDs of the leaves attached To a branch
</comment>
      <returntype>anywheresoftware.b4a.objects.collections.List</returntype>
      <parameter>
        <name>IDBranche</name>
        <type>String</type>
      </parameter>
    </method>
    <method>
      <name DesignerName="MoveLeaf">_vvvvvvv6</name>
      <returntype>String</returntype>
      <parameter>
        <name>IDLeaf</name>
        <type>String</type>
      </parameter>
      <parameter>
        <name>NewIDBranch</name>
        <type>String</type>
      </parameter>
    </method>
    <method>
      <name DesignerName="RemoveBranch">_vvvvvvv7</name>
      <returntype>String</returntype>
      <parameter>
        <name>IDBranch</name>
        <type>String</type>
      </parameter>
    </method>
    <method>
      <name DesignerName="RemoveLeaf">_vvvvvvv0</name>
      <returntype>String</returntype>
      <parameter>
        <name>IDLeaf</name>
        <type>String</type>
      </parameter>
    </method>
    <method>
      <name DesignerName="SetBranch">_vvvvvvvv1</name>
      <returntype>String</returntype>
      <parameter>
        <name>IDBranch</name>
        <type>String</type>
      </parameter>
      <parameter>
        <name>NewName</name>
        <type>String</type>
      </parameter>
    </method>
    <method>
      <name DesignerName="setBranchTextColor" HideFromIDE="true">_setvvvvvvvvvv4</name>
      <returntype>String</returntype>
      <parameter>
        <name>Color</name>
        <type>int</type>
      </parameter>
    </method>
    <method>
      <name DesignerName="setHeight" HideFromIDE="true">_setvvvvvvvvvv5</name>
      <returntype>String</returntype>
      <parameter>
        <name>H</name>
        <type>int</type>
      </parameter>
    </method>
    <method>
      <name DesignerName="setInfoTextSize" HideFromIDE="true">_setvvvvvvvvvv6</name>
      <returntype>String</returntype>
      <parameter>
        <name>Sz</name>
        <type>int</type>
      </parameter>
    </method>
    <method>
      <name DesignerName="setItemHeight" HideFromIDE="true">_setvvvvvvvvvv7</name>
      <comment> Min = 40dip, Max= 100dip
</comment>
      <returntype>String</returntype>
      <parameter>
        <name>Height</name>
        <type>int</type>
      </parameter>
    </method>
    <method>
      <name DesignerName="SetLayout">_vvvvvvvv6</name>
      <returntype>String</returntype>
      <parameter>
        <name>Left</name>
        <type>int</type>
      </parameter>
      <parameter>
        <name>Top</name>
        <type>int</type>
      </parameter>
      <parameter>
        <name>Widh</name>
        <type>int</type>
      </parameter>
      <parameter>
        <name>Height</name>
        <type>int</type>
      </parameter>
    </method>
    <method>
      <name DesignerName="SetLeaf">_vvvvvvvv7</name>
      <returntype>String</returntype>
      <parameter>
        <name>IDLeaf</name>
        <type>String</type>
      </parameter>
      <parameter>
        <name>NewName</name>
        <type>String</type>
      </parameter>
      <parameter>
        <name>NewInfo</name>
        <type>String</type>
      </parameter>
    </method>
    <method>
      <name DesignerName="SetLeafBadge">_vvvvvvvv0</name>
      <returntype>String</returntype>
      <parameter>
        <name>IDLeaf</name>
        <type>String</type>
      </parameter>
      <parameter>
        <name>BadgeActive</name>
        <type>boolean</type>
      </parameter>
      <parameter>
        <name>BadgeText</name>
        <type>String</type>
      </parameter>
    </method>
    <method>
      <name DesignerName="setLeafTextColor" HideFromIDE="true">_setvvvvvvvvvv0</name>
      <returntype>String</returntype>
      <parameter>
        <name>Color</name>
        <type>int</type>
      </parameter>
    </method>
    <method>
      <name DesignerName="setLeft" HideFromIDE="true">_setvvvvvvvvvvv1</name>
      <returntype>String</returntype>
      <parameter>
        <name>L</name>
        <type>int</type>
      </parameter>
    </method>
    <method>
      <name DesignerName="setOnlyCornerColor" HideFromIDE="true">_setvvvvvvvvvvv2</name>
      <returntype>String</returntype>
      <parameter>
        <name>B</name>
        <type>boolean</type>
      </parameter>
    </method>
    <method>
      <name DesignerName="setOpenOnlyOneBranch" HideFromIDE="true">_setvvvvvvvvvvv3</name>
      <returntype>String</returntype>
      <parameter>
        <name>B</name>
        <type>boolean</type>
      </parameter>
    </method>
    <method>
      <name DesignerName="setTextSize" HideFromIDE="true">_setvvvvvvvvvvv4</name>
      <returntype>String</returntype>
      <parameter>
        <name>Sz</name>
        <type>int</type>
      </parameter>
    </method>
    <method>
      <name DesignerName="setTimeAnimation" HideFromIDE="true">_setvvvvvvvvvvv5</name>
      <returntype>String</returntype>
      <parameter>
        <name>millisec</name>
        <type>int</type>
      </parameter>
    </method>
    <method>
      <name DesignerName="setTop" HideFromIDE="true">_setvvvvvvvvvvv6</name>
      <returntype>String</returntype>
      <parameter>
        <name>T</name>
        <type>int</type>
      </parameter>
    </method>
    <method>
      <name DesignerName="setWidth" HideFromIDE="true">_setvvvvvvvvvvv7</name>
      <returntype>String</returntype>
      <parameter>
        <name>W</name>
        <type>int</type>
      </parameter>
    </method>
    <method>
      <name DesignerName="Sort">_vvvvvvvvvv1</name>
      <returntype>String</returntype>
      <parameter>
        <name>Ascending</name>
        <type>boolean</type>
      </parameter>
    </method>
    <method>
      <name DesignerName="TreeToJson">_vvvvvvvvvv2</name>
      <returntype>String</returntype>
    </method>
    <property>
      <name DesignerName="Base">_vvvvvvvvvv3</name>
      <returntype>anywheresoftware.b4a.objects.B4XViewWrapper</returntype>
    </property>
    <property>
      <name DesignerName="BranchTextColor">_vvvvvvvvvv4</name>
      <returntype>int</returntype>
      <parameter>
        <name>Value</name>
        <type>int</type>
      </parameter>
    </property>
    <property>
      <name DesignerName="Height">_vvvvvvvvvv5</name>
      <returntype>int</returntype>
      <parameter>
        <name>Value</name>
        <type>int</type>
      </parameter>
    </property>
    <property>
      <name DesignerName="InfoTextSize">_vvvvvvvvvv6</name>
      <returntype>int</returntype>
      <parameter>
        <name>Value</name>
        <type>int</type>
      </parameter>
    </property>
    <property>
      <name DesignerName="ItemHeight">_vvvvvvvvvv7</name>
      <comment> Min = 40dip, Max= 100dip
</comment>
      <returntype>int</returntype>
      <parameter>
        <name>Value</name>
        <type>int</type>
      </parameter>
    </property>
    <property>
      <name DesignerName="LeafTextColor">_vvvvvvvvvv0</name>
      <returntype>int</returntype>
      <parameter>
        <name>Value</name>
        <type>int</type>
      </parameter>
    </property>
    <property>
      <name DesignerName="Left">_vvvvvvvvvvv1</name>
      <returntype>int</returntype>
      <parameter>
        <name>Value</name>
        <type>int</type>
      </parameter>
    </property>
    <property>
      <name DesignerName="OnlyCornerColor">_vvvvvvvvvvv2</name>
      <returntype>boolean</returntype>
      <parameter>
        <name>Value</name>
        <type>boolean</type>
      </parameter>
    </property>
    <property>
      <name DesignerName="OpenOnlyOneBranch">_vvvvvvvvvvv3</name>
      <returntype>boolean</returntype>
      <parameter>
        <name>Value</name>
        <type>boolean</type>
      </parameter>
    </property>
    <property>
      <name DesignerName="TextSize">_vvvvvvvvvvv4</name>
      <returntype>int</returntype>
      <parameter>
        <name>Value</name>
        <type>int</type>
      </parameter>
    </property>
    <property>
      <name DesignerName="TimeAnimation">_vvvvvvvvvvv5</name>
      <returntype>int</returntype>
      <parameter>
        <name>Value</name>
        <type>int</type>
      </parameter>
    </property>
    <property>
      <name DesignerName="Top">_vvvvvvvvvvv6</name>
      <returntype>int</returntype>
      <parameter>
        <name>Value</name>
        <type>int</type>
      </parameter>
    </property>
    <property>
      <name DesignerName="Width">_vvvvvvvvvvv7</name>
      <returntype>int</returntype>
      <parameter>
        <name>Value</name>
        <type>int</type>
      </parameter>
    </property>
    <field>
      <name DesignerName="BadgeTextColor">_vvvvvvvvvvvvvv1</name>
      <returntype>int</returntype>
    </field>
    <field>
      <name DesignerName="BadgeBackgroundColor">_vvvvvvvvvvvvvv2</name>
      <returntype>int</returntype>
    </field>
    <field>
      <name DesignerName="BadgeTextSize">_vvvvvvvvvvvvvv3</name>
      <returntype>int</returntype>
    </field>
    <field>
      <name DesignerName="BadgeDept">_vvvvvvvvvvvvvv4</name>
      <returntype>int</returntype>
    </field>
  </class>
  <version>0.27</version>
  <author>Star-Dust</author>
</root>