<?xml version="1.0" encoding="UTF-8" standalone="no"?>
<root>
    <doclet-version-NOT-library-version>1.00</doclet-version-NOT-library-version>
    <class>
        <name>B4R::B4RaWOT</name>
        <shortname>aWOT</shortname>
         <event>MiddlewareCBSub(Mindex as byte)</event>
         <event>FinallyCBSub()</event>
         <event>NotFoundCBSub()</event>
        <method>
            <name DesignerName="initialize">initialize</name>
<comment>
************************************************
*****    awot::Appilcation application;    *****
************************************************
</comment>
            <returntype>B4R::void</returntype>
        </method>
        <method>
            <name DesignerName="initialize1">initialize1</name>
                 <returntype>B4R::void</returntype>
            <parameter>
                <name>FinallyCBSub</name>
                <type>SubVoid_Void</type>
            </parameter>
            <parameter>
                <name>NotFoundCBSub</name>
                <type>SubVoid_Void</type>
            </parameter>
        </method>
        <method>
            <name DesignerName="process">process</name>
            <returntype>B4R::void</returntype>
        </method>
        <property>
            <name>ClientIP</name>
            <returntype>B4R::B4RString*</returntype>
        </property>
        <property>
            <name>ClientIP1</name>
            <returntype>Byte[]</returntype>
        </property>
        <method>
            <name DesignerName="app_del">app_del</name>
                 <returntype>B4R::void</returntype>
            <parameter>
                <name>path</name>
                <type>B4R::B4RString*</type>
            </parameter>
            <parameter>
                <name>middlewareSub</name>
                <type>SubVoid_Void</type>
            </parameter>
        </method>
        <method>
            <name DesignerName="app_del1">app_del1</name>
                 <returntype>B4R::void</returntype>
            <parameter>
                <name>middlewareSub</name>
                <type>SubVoid_Void</type>
            </parameter>
        </method>
        <method>
            <name DesignerName="app_finally">app_finally</name>
                 <returntype>B4R::void</returntype>
            <parameter>
                <name>middlewareSub</name>
                <type>SubVoid_Void</type>
            </parameter>
        </method>
        <method>
            <name DesignerName="app_get">app_get</name>
                 <returntype>B4R::void</returntype>
            <parameter>
                <name>path</name>
                <type>B4R::B4RString*</type>
            </parameter>
            <parameter>
                <name>middlewareSub</name>
                <type>SubVoid_Void</type>
            </parameter>
        </method>
        <method>
            <name DesignerName="app_get1">app_get1</name>
                 <returntype>B4R::void</returntype>
            <parameter>
                <name>middlewareSub</name>
                <type>SubVoid_Void</type>
            </parameter>
        </method>
        <method>
            <name DesignerName="app_head">app_head</name>
                 <returntype>B4R::void</returntype>
            <parameter>
                <name>path</name>
                <type>B4R::B4RString*</type>
            </parameter>
            <parameter>
                <name>middlewareSub</name>
                <type>SubVoid_Void</type>
            </parameter>
        </method>
        <method>
            <name DesignerName="app_head1">app_head1</name>
                 <returntype>B4R::void</returntype>
            <parameter>
                <name>middlewareSub</name>
                <type>SubVoid_Void</type>
            </parameter>
        </method>
        <method>
            <name DesignerName="app_header">app_header</name>
                 <returntype>B4R::void</returntype>
            <parameter>
                <name>name</name>
                <type>B4R::B4RString*</type>
            </parameter>
            <parameter>
                <name>buffer</name>
                <type>Byte[]</type>
            </parameter>
        </method>
        <method>
            <name DesignerName="app_notFound">app_notFound</name>
                 <returntype>B4R::void</returntype>
            <parameter>
                <name>middlewareSub</name>
                <type>SubVoid_Void</type>
            </parameter>
        </method>
        <method>
            <name DesignerName="app_options">app_options</name>
                 <returntype>B4R::void</returntype>
            <parameter>
                <name>path</name>
                <type>B4R::B4RString*</type>
            </parameter>
            <parameter>
                <name>middlewareSub</name>
                <type>SubVoid_Void</type>
            </parameter>
        </method>
        <method>
            <name DesignerName="app_options1">app_options1</name>
                 <returntype>B4R::void</returntype>
            <parameter>
                <name>middlewareSub</name>
                <type>SubVoid_Void</type>
            </parameter>
        </method>
        <method>
            <name DesignerName="app_patch">app_patch</name>
                 <returntype>B4R::void</returntype>
            <parameter>
                <name>path</name>
                <type>B4R::B4RString*</type>
            </parameter>
            <parameter>
                <name>middlewareSub</name>
                <type>SubVoid_Void</type>
            </parameter>
        </method>
        <method>
            <name DesignerName="app_patch1">app_patch1</name>
                 <returntype>B4R::void</returntype>
            <parameter>
                <name>middlewareSub</name>
                <type>SubVoid_Void</type>
            </parameter>
        </method>
        <method>
            <name DesignerName="app_post">app_post</name>
                 <returntype>B4R::void</returntype>
            <parameter>
                <name>path</name>
                <type>B4R::B4RString*</type>
            </parameter>
            <parameter>
                <name>middlewareSub</name>
                <type>SubVoid_Void</type>
            </parameter>
        </method>
        <method>
            <name DesignerName="app_post1">app_post1</name>
                 <returntype>B4R::void</returntype>
            <parameter>
                <name>middlewareSub</name>
                <type>SubVoid_Void</type>
            </parameter>
        </method>
        <method>
            <name DesignerName="app_put">app_put</name>
                 <returntype>B4R::void</returntype>
            <parameter>
                <name>path</name>
                <type>B4R::B4RString*</type>
            </parameter>
            <parameter>
                <name>middlewareSub</name>
                <type>SubVoid_Void</type>
            </parameter>
        </method>
        <method>
            <name DesignerName="app_put1">app_put1</name>
                 <returntype>B4R::void</returntype>
            <parameter>
                <name>middlewareSub</name>
                <type>SubVoid_Void</type>
            </parameter>
        </method>
        <method>
            <name DesignerName="app_setTimeout">app_setTimeout</name>
<comment>
            void       app_process(B4RStream * client);
</comment>
                 <returntype>B4R::void</returntype>
            <parameter>
                <name>timeoutMillis</name>
                <type>ULong</type>
            </parameter>
        </method>
        <method>
            <name DesignerName="app_useR">app_useR</name>
                 <returntype>B4R::void</returntype>
            <parameter>
                <name>path</name>
                <type>B4R::B4RString*</type>
            </parameter>
            <parameter>
                <name>Rindex</name>
                <type>Byte</type>
            </parameter>
        </method>
        <method>
            <name DesignerName="app_useR1">app_useR1</name>
                 <returntype>B4R::void</returntype>
            <parameter>
                <name>Rindex</name>
                <type>Byte</type>
            </parameter>
        </method>
        <method>
            <name DesignerName="app_use">app_use</name>
                 <returntype>B4R::void</returntype>
            <parameter>
                <name>path</name>
                <type>B4R::B4RString*</type>
            </parameter>
            <parameter>
                <name>middlewareSub</name>
                <type>SubVoid_Void</type>
            </parameter>
        </method>
        <method>
            <name DesignerName="app_use1">app_use1</name>
                 <returntype>B4R::void</returntype>
            <parameter>
                <name>middlewareSub</name>
                <type>SubVoid_Void</type>
            </parameter>
        </method>
        <method>
            <name DesignerName="Mime_getType">Mime_getType</name>
                 <returntype>B4R::B4RString*</returntype>
            <parameter>
                <name>filename</name>
                <type>B4R::B4RString*</type>
            </parameter>
        </method>
        <method>
            <name DesignerName="res_availableForWrite">res_availableForWrite</name>
<comment>
*****    awot::Response response;    *****
</comment>
                 <returntype>Long</returntype>
        </method>
        <method>
            <name DesignerName="res_bytesSent">res_bytesSent</name>
                 <returntype>Long</returntype>
        </method>
        <method>
            <name DesignerName="res_beginHeaders">res_beginHeaders</name>
            <returntype>B4R::void</returntype>
        </method>
        <method>
            <name DesignerName="res_end">res_end</name>
            <returntype>B4R::void</returntype>
        </method>
        <method>
            <name DesignerName="res_endHeaders">res_endHeaders</name>
            <returntype>B4R::void</returntype>
        </method>
        <method>
            <name DesignerName="res_ended">res_ended</name>
                 <returntype>Bool</returntype>
        </method>
        <method>
            <name DesignerName="res_flush">res_flush</name>
            <returntype>B4R::void</returntype>
        </method>
        <method>
            <name DesignerName="res_get">res_get</name>
                 <returntype>B4R::B4RString*</returntype>
            <parameter>
                <name>name</name>
                <type>B4R::B4RString*</type>
            </parameter>
        </method>
        <method>
            <name DesignerName="res_headersSent">res_headersSent</name>
                 <returntype>Bool</returntype>
        </method>
        <method>
            <name DesignerName="res_print">res_print</name>
                 <returntype>B4R::void</returntype>
            <parameter>
                <name>string</name>
                <type>B4R::B4RString*</type>
            </parameter>
        </method>
        <method>
            <name DesignerName="res_println">res_println</name>
                 <returntype>B4R::void</returntype>
            <parameter>
                <name>string</name>
                <type>B4R::B4RString*</type>
            </parameter>
        </method>
        <method>
            <name DesignerName="res_printCRLF">res_printCRLF</name>
            <returntype>B4R::void</returntype>
        </method>
        <method>
            <name DesignerName="res_sendStatus">res_sendStatus</name>
                 <returntype>B4R::void</returntype>
            <parameter>
                <name>code</name>
                <type>Int</type>
            </parameter>
        </method>
        <method>
            <name DesignerName="res_set">res_set</name>
                 <returntype>B4R::void</returntype>
            <parameter>
                <name>name</name>
                <type>B4R::B4RString*</type>
            </parameter>
            <parameter>
                <name>value</name>
                <type>B4R::B4RString*</type>
            </parameter>
        </method>
        <method>
            <name DesignerName="res_setDefaults">res_setDefaults</name>
            <returntype>B4R::void</returntype>
        </method>
        <method>
            <name DesignerName="res_status">res_status</name>
                 <returntype>B4R::void</returntype>
            <parameter>
                <name>code</name>
                <type>Int</type>
            </parameter>
        </method>
        <method>
            <name DesignerName="res_statusSent">res_statusSent</name>
                 <returntype>Int</returntype>
        </method>
        <method>
            <name DesignerName="res_write">res_write</name>
                 <returntype>UInt</returntype>
            <parameter>
                <name>data</name>
                <type>Byte</type>
            </parameter>
        </method>
        <method>
            <name DesignerName="res_write1">res_write1</name>
                 <returntype>UInt</returntype>
            <parameter>
                <name>buffer</name>
                <type>Byte[]</type>
            </parameter>
            <parameter>
                <name>length</name>
                <type>UInt</type>
            </parameter>
        </method>
        <method>
            <name DesignerName="req_available">req_available</name>
<comment>
*****    awot::Request request;    *****
</comment>
                 <returntype>Long</returntype>
        </method>
        <method>
            <name DesignerName="req_availableForWrite">req_availableForWrite</name>
                 <returntype>Long</returntype>
        </method>
        <method>
            <name DesignerName="req_bytesRead">req_bytesRead</name>
                 <returntype>Long</returntype>
        </method>
        <method>
            <name DesignerName="req_flush">req_flush</name>
<comment>
            B4RStream* req_stream();
</comment>
            <returntype>B4R::void</returntype>
        </method>
        <method>
            <name DesignerName="req_form">req_form</name>
                 <returntype>Bool</returntype>
            <parameter>
                <name>name</name>
                <type>Byte[]</type>
            </parameter>
            <parameter>
                <name>value</name>
                <type>Byte[]</type>
            </parameter>
        </method>
        <method>
            <name DesignerName="req_get">req_get</name>
                 <returntype>B4R::B4RString*</returntype>
            <parameter>
                <name>name</name>
                <type>B4R::B4RString*</type>
            </parameter>
        </method>
        <method>
            <name DesignerName="req_left">req_left</name>
                 <returntype>Long</returntype>
        </method>
        <method>
            <name DesignerName="req_method">req_method</name>
                 <returntype>Byte</returntype>
        </method>
        <method>
            <name DesignerName="req_path">req_path</name>
                 <returntype>B4R::B4RString*</returntype>
        </method>
        <method>
            <name DesignerName="req_peek">req_peek</name>
                 <returntype>Long</returntype>
        </method>
        <method>
            <name DesignerName="req_push">req_push</name>
                 <returntype>B4R::void</returntype>
            <parameter>
                <name>ch</name>
                <type>Byte</type>
            </parameter>
        </method>
        <method>
            <name DesignerName="req_query">req_query</name>
                 <returntype>B4R::B4RString*</returntype>
        </method>
        <method>
            <name DesignerName="req_query1">req_query1</name>
                 <returntype>Bool</returntype>
            <parameter>
                <name>name</name>
                <type>B4R::B4RString*</type>
            </parameter>
            <parameter>
                <name>buffer</name>
                <type>Byte[]</type>
            </parameter>
        </method>
        <method>
            <name DesignerName="req_read">req_read</name>
                 <returntype>Long</returntype>
        </method>
        <method>
            <name DesignerName="req_read1">req_read1</name>
                 <returntype>Long</returntype>
            <parameter>
                <name>buf</name>
                <type>Byte[]</type>
            </parameter>
        </method>
        <method>
            <name DesignerName="req_route">req_route</name>
                 <returntype>Bool</returntype>
            <parameter>
                <name>name</name>
                <type>B4R::B4RString*</type>
            </parameter>
            <parameter>
                <name>buffer</name>
                <type>Byte[]</type>
            </parameter>
        </method>
        <method>
            <name DesignerName="req_route1">req_route1</name>
                 <returntype>Bool</returntype>
            <parameter>
                <name>number</name>
                <type>Int</type>
            </parameter>
            <parameter>
                <name>buffer</name>
                <type>Byte[]</type>
            </parameter>
        </method>
        <method>
            <name DesignerName="req_minorVersion">req_minorVersion</name>
                 <returntype>Int</returntype>
        </method>
        <method>
            <name DesignerName="req_write">req_write</name>
                 <returntype>UInt</returntype>
            <parameter>
                <name>data</name>
                <type>Byte</type>
            </parameter>
        </method>
        <method>
            <name DesignerName="req_write1">req_write1</name>
                 <returntype>UInt</returntype>
            <parameter>
                <name>buffer</name>
                <type>Byte[]</type>
            </parameter>
            <parameter>
                <name>length</name>
                <type>UInt</type>
            </parameter>
        </method>
        <method>
            <name DesignerName="rout_del">rout_del</name>
<comment>
*****    awot::Router router;    *****
</comment>
                 <returntype>B4R::void</returntype>
            <parameter>
                <name>RindexO</name>
                <type>Byte</type>
            </parameter>
            <parameter>
                <name>path</name>
                <type>B4R::B4RString*</type>
            </parameter>
            <parameter>
                <name>middlewareSub</name>
                <type>SubVoid_Void</type>
            </parameter>
        </method>
        <method>
            <name DesignerName="rout_del1">rout_del1</name>
                 <returntype>B4R::void</returntype>
            <parameter>
                <name>RindexO</name>
                <type>Byte</type>
            </parameter>
            <parameter>
                <name>middlewareSub</name>
                <type>SubVoid_Void</type>
            </parameter>
        </method>
        <method>
            <name DesignerName="rout_get">rout_get</name>
                 <returntype>B4R::void</returntype>
            <parameter>
                <name>RindexO</name>
                <type>Byte</type>
            </parameter>
            <parameter>
                <name>path</name>
                <type>B4R::B4RString*</type>
            </parameter>
            <parameter>
                <name>middlewareSub</name>
                <type>SubVoid_Void</type>
            </parameter>
        </method>
        <method>
            <name DesignerName="rout_get1">rout_get1</name>
                 <returntype>B4R::void</returntype>
            <parameter>
                <name>RindexO</name>
                <type>Byte</type>
            </parameter>
            <parameter>
                <name>middlewareSub</name>
                <type>SubVoid_Void</type>
            </parameter>
        </method>
        <method>
            <name DesignerName="rout_head">rout_head</name>
                 <returntype>B4R::void</returntype>
            <parameter>
                <name>RindexO</name>
                <type>Byte</type>
            </parameter>
            <parameter>
                <name>path</name>
                <type>B4R::B4RString*</type>
            </parameter>
            <parameter>
                <name>middlewareSub</name>
                <type>SubVoid_Void</type>
            </parameter>
        </method>
        <method>
            <name DesignerName="rout_head1">rout_head1</name>
                 <returntype>B4R::void</returntype>
            <parameter>
                <name>RindexO</name>
                <type>Byte</type>
            </parameter>
            <parameter>
                <name>middlewareSub</name>
                <type>SubVoid_Void</type>
            </parameter>
        </method>
        <method>
            <name DesignerName="rout_options">rout_options</name>
                 <returntype>B4R::void</returntype>
            <parameter>
                <name>RindexO</name>
                <type>Byte</type>
            </parameter>
            <parameter>
                <name>path</name>
                <type>B4R::B4RString*</type>
            </parameter>
            <parameter>
                <name>middlewareSub</name>
                <type>SubVoid_Void</type>
            </parameter>
        </method>
        <method>
            <name DesignerName="rout_options1">rout_options1</name>
                 <returntype>B4R::void</returntype>
            <parameter>
                <name>RindexO</name>
                <type>Byte</type>
            </parameter>
            <parameter>
                <name>middlewareSub</name>
                <type>SubVoid_Void</type>
            </parameter>
        </method>
        <method>
            <name DesignerName="rout_patch">rout_patch</name>
                 <returntype>B4R::void</returntype>
            <parameter>
                <name>RindexO</name>
                <type>Byte</type>
            </parameter>
            <parameter>
                <name>path</name>
                <type>B4R::B4RString*</type>
            </parameter>
            <parameter>
                <name>middlewareSub</name>
                <type>SubVoid_Void</type>
            </parameter>
        </method>
        <method>
            <name DesignerName="rout_patch1">rout_patch1</name>
                 <returntype>B4R::void</returntype>
            <parameter>
                <name>RindexO</name>
                <type>Byte</type>
            </parameter>
            <parameter>
                <name>middlewareSub</name>
                <type>SubVoid_Void</type>
            </parameter>
        </method>
        <method>
            <name DesignerName="rout_post">rout_post</name>
                 <returntype>B4R::void</returntype>
            <parameter>
                <name>RindexO</name>
                <type>Byte</type>
            </parameter>
            <parameter>
                <name>path</name>
                <type>B4R::B4RString*</type>
            </parameter>
            <parameter>
                <name>middlewareSub</name>
                <type>SubVoid_Void</type>
            </parameter>
        </method>
        <method>
            <name DesignerName="rout_post1">rout_post1</name>
                 <returntype>B4R::void</returntype>
            <parameter>
                <name>RindexO</name>
                <type>Byte</type>
            </parameter>
            <parameter>
                <name>middlewareSub</name>
                <type>SubVoid_Void</type>
            </parameter>
        </method>
        <method>
            <name DesignerName="rout_put">rout_put</name>
                 <returntype>B4R::void</returntype>
            <parameter>
                <name>RindexO</name>
                <type>Byte</type>
            </parameter>
            <parameter>
                <name>path</name>
                <type>B4R::B4RString*</type>
            </parameter>
            <parameter>
                <name>middlewareSub</name>
                <type>SubVoid_Void</type>
            </parameter>
        </method>
        <method>
            <name DesignerName="rout_put1">rout_put1</name>
                 <returntype>B4R::void</returntype>
            <parameter>
                <name>RindexO</name>
                <type>Byte</type>
            </parameter>
            <parameter>
                <name>middlewareSub</name>
                <type>SubVoid_Void</type>
            </parameter>
        </method>
        <method>
            <name DesignerName="rout_useR">rout_useR</name>
                 <returntype>B4R::void</returntype>
            <parameter>
                <name>RindexO</name>
                <type>Byte</type>
            </parameter>
            <parameter>
                <name>path</name>
                <type>B4R::B4RString*</type>
            </parameter>
            <parameter>
                <name>Rindex</name>
                <type>Byte</type>
            </parameter>
        </method>
        <method>
            <name DesignerName="rout_useR1">rout_useR1</name>
                 <returntype>B4R::void</returntype>
            <parameter>
                <name>RindexO</name>
                <type>Byte</type>
            </parameter>
            <parameter>
                <name>Rindex</name>
                <type>Byte</type>
            </parameter>
        </method>
        <method>
            <name DesignerName="rout_use">rout_use</name>
                 <returntype>B4R::void</returntype>
            <parameter>
                <name>RindexO</name>
                <type>Byte</type>
            </parameter>
            <parameter>
                <name>path</name>
                <type>B4R::B4RString*</type>
            </parameter>
            <parameter>
                <name>middlewareSub</name>
                <type>SubVoid_Void</type>
            </parameter>
        </method>
        <method>
            <name DesignerName="rout_use1">rout_use1</name>
                 <returntype>B4R::void</returntype>
            <parameter>
                <name>RindexO</name>
                <type>Byte</type>
            </parameter>
            <parameter>
                <name>middlewareSub</name>
                <type>SubVoid_Void</type>
            </parameter>
        </method>
        <field>
            <name DefineMethod="true" DesignerName="MethodType::UNKNOWN">B4R_MethodType_UNKNOWN</name>
<comment>
*****     enum MethodType {UNKNOWN, GET, HEAD, POST, PUT, DELETE, PATCH, OPTIONS, ALL};    *****
</comment>
            <returntype>byte</returntype>
        </field>
        <field>
            <name DefineMethod="true" DesignerName="MethodType::GET">B4R_MethodType_GET</name>
            <returntype>byte</returntype>
        </field>
        <field>
            <name DefineMethod="true" DesignerName="MethodType::HEAD">B4R_MethodType_HEAD</name>
            <returntype>byte</returntype>
        </field>
        <field>
            <name DefineMethod="true" DesignerName="MethodType::POST">B4R_MethodType_POST</name>
            <returntype>byte</returntype>
        </field>
        <field>
            <name DefineMethod="true" DesignerName="MethodType::PUT">B4R_MethodType_PUT</name>
            <returntype>byte</returntype>
        </field>
        <field>
            <name DefineMethod="true" DesignerName="MethodType::DELETE">B4R_MethodType_DELETE</name>
            <returntype>byte</returntype>
        </field>
        <field>
            <name DefineMethod="true" DesignerName="MethodType::PATCH">B4R_MethodType_PATCH</name>
            <returntype>byte</returntype>
        </field>
        <field>
            <name DefineMethod="true" DesignerName="MethodType::OPTIONS">B4R_MethodType_OPTIONS</name>
            <returntype>byte</returntype>
        </field>
        <field>
            <name DefineMethod="true" DesignerName="MethodType::ALL">B4R_MethodType_ALL</name>
            <returntype>byte</returntype>
        </field>
    </class>
    <version>1.3</version>
</root>
