<?xml version="1.0" encoding="UTF-8"?>
<root>
    <doclet-version-NOT-library-version>1.07</doclet-version-NOT-library-version>
    <class>
        <name>de.donmanfred.NumberProgressBarWrapper</name>
        <shortname>NumberProgressBar</shortname>
        <objectwrapper>com.daimajia.numberprogressbar.NumberProgressBar</objectwrapper>
        <owner>process</owner>
        <method>
            <name>DesignerCreateView</name>
            <comment></comment>
            <returntype>void</returntype>
            <parameter>
                <name>base</name>
                <type>anywheresoftware.b4a.objects.PanelWrapper</type>
            </parameter>
            <parameter>
                <name>lw</name>
                <type>anywheresoftware.b4a.objects.LabelWrapper</type>
            </parameter>
            <parameter>
                <name>props</name>
                <type>anywheresoftware.b4a.objects.collections.Map</type>
            </parameter>
        </method>
        <method>
            <name>IsInitialized</name>
            <comment></comment>
            <returntype>boolean</returntype>
        </method>
        <method>
            <name>Initialize</name>
            <comment></comment>
            <returntype>void</returntype>
            <parameter>
                <name>ba</name>
                <type>anywheresoftware.b4a.BA</type>
            </parameter>
            <parameter>
                <name>EventName</name>
                <type>java.lang.String</type>
            </parameter>
        </method>
        <method>
            <name>BringToFront</name>
            <comment></comment>
            <returntype>void</returntype>
        </method>
        <method>
            <name>SetLayout</name>
            <comment></comment>
            <returntype>void</returntype>
            <parameter>
                <name>arg0</name>
                <type Pixel="true">int</type>
            </parameter>
            <parameter>
                <name>arg1</name>
                <type Pixel="true">int</type>
            </parameter>
            <parameter>
                <name>arg2</name>
                <type Pixel="true">int</type>
            </parameter>
            <parameter>
                <name>arg3</name>
                <type Pixel="true">int</type>
            </parameter>
        </method>
        <method>
            <name>SendToBack</name>
            <comment></comment>
            <returntype>void</returntype>
        </method>
        <method>
            <name>SetVisibleAnimated</name>
            <comment></comment>
            <returntype>void</returntype>
            <parameter>
                <name>arg0</name>
                <type>int</type>
            </parameter>
            <parameter>
                <name>arg1</name>
                <type>boolean</type>
            </parameter>
        </method>
        <method>
            <name>RemoveView</name>
            <comment></comment>
            <returntype>void</returntype>
        </method>
        <method>
            <name>AddToParent</name>
            <comment></comment>
            <returntype>void</returntype>
            <parameter>
                <name>Parent</name>
                <type>ViewGroup</type>
            </parameter>
            <parameter>
                <name>left</name>
                <type Pixel="true">int</type>
            </parameter>
            <parameter>
                <name>top</name>
                <type Pixel="true">int</type>
            </parameter>
            <parameter>
                <name>width</name>
                <type Pixel="true">int</type>
            </parameter>
            <parameter>
                <name>height</name>
                <type Pixel="true">int</type>
            </parameter>
        </method>
        <method>
            <name>Invalidate3</name>
            <comment></comment>
            <returntype>void</returntype>
            <parameter>
                <name>arg0</name>
                <type>int</type>
            </parameter>
            <parameter>
                <name>arg1</name>
                <type>int</type>
            </parameter>
            <parameter>
                <name>arg2</name>
                <type>int</type>
            </parameter>
            <parameter>
                <name>arg3</name>
                <type>int</type>
            </parameter>
        </method>
        <method>
            <name>Invalidate2</name>
            <comment></comment>
            <returntype>void</returntype>
            <parameter>
                <name>arg0</name>
                <type>android.graphics.Rect</type>
            </parameter>
        </method>
        <method>
            <name>SetColorAnimated</name>
            <comment></comment>
            <returntype>void</returntype>
            <parameter>
                <name>arg0</name>
                <type>int</type>
            </parameter>
            <parameter>
                <name>arg1</name>
                <type>int</type>
            </parameter>
            <parameter>
                <name>arg2</name>
                <type>int</type>
            </parameter>
        </method>
        <method>
            <name DesignerName="SetBackgroundImage">SetBackgroundImageNew</name>
            <comment></comment>
            <returntype>anywheresoftware.b4a.objects.drawable.BitmapDrawable</returntype>
            <parameter>
                <name>arg0</name>
                <type>android.graphics.Bitmap</type>
            </parameter>
        </method>
        <method>
            <name>incrementProgressBy</name>
            <comment></comment>
            <returntype>void</returntype>
            <parameter>
                <name>by</name>
                <type>int</type>
            </parameter>
        </method>
        <method>
            <name>Invalidate</name>
            <comment></comment>
            <returntype>void</returntype>
        </method>
        <method>
            <name>SetLayoutAnimated</name>
            <comment></comment>
            <returntype>void</returntype>
            <parameter>
                <name>arg0</name>
                <type>int</type>
            </parameter>
            <parameter>
                <name>arg1</name>
                <type Pixel="true">int</type>
            </parameter>
            <parameter>
                <name>arg2</name>
                <type Pixel="true">int</type>
            </parameter>
            <parameter>
                <name>arg3</name>
                <type Pixel="true">int</type>
            </parameter>
            <parameter>
                <name>arg4</name>
                <type Pixel="true">int</type>
            </parameter>
        </method>
        <method>
            <name>RequestFocus</name>
            <comment></comment>
            <returntype>boolean</returntype>
        </method>
        <property>
            <name>Default_unreached_color</name>
            <returntype>int</returntype>
            <comment></comment>
        </property>
        <property>
            <name>Left</name>
            <returntype>int</returntype>
            <parameter>
                <name>left</name>
                <type>int</type>
            </parameter>
            <comment></comment>
        </property>
        <property>
            <name>Max</name>
            <returntype>int</returntype>
            <parameter>
                <name>maxProgress</name>
                <type>int</type>
            </parameter>
            <comment></comment>
        </property>
        <property>
            <name>Parent</name>
            <returntype>java.lang.Object</returntype>
            <comment></comment>
        </property>
        <property>
            <name>Default_reached_color</name>
            <returntype>int</returntype>
            <comment></comment>
        </property>
        <property>
            <name>Default_progress_text_offset</name>
            <returntype>float</returntype>
            <comment></comment>
        </property>
        <property>
            <name>Prefix</name>
            <returntype>java.lang.String</returntype>
            <parameter>
                <name>prefix</name>
                <type>java.lang.String</type>
            </parameter>
            <comment></comment>
        </property>
        <property>
            <name>Default_text_size</name>
            <returntype>float</returntype>
            <comment></comment>
        </property>
        <property>
            <name>DrawTextWidth</name>
            <returntype>float</returntype>
            <parameter>
                <name>DrawTextWidth</name>
                <type>float</type>
            </parameter>
            <comment></comment>
        </property>
        <property>
            <name>CurrentDrawText</name>
            <returntype>java.lang.String</returntype>
            <parameter>
                <name>CurrentDrawText</name>
                <type>java.lang.String</type>
            </parameter>
            <comment></comment>
        </property>
        <property>
            <name>DrawReachedBar</name>
            <returntype>boolean</returntype>
            <parameter>
                <name>DrawReachedBar</name>
                <type>boolean</type>
            </parameter>
            <comment></comment>
        </property>
        <property>
            <name>DrawTextStart</name>
            <returntype>float</returntype>
            <parameter>
                <name>DrawTextStart</name>
                <type>float</type>
            </parameter>
            <comment></comment>
        </property>
        <property>
            <name>DrawUnreachedBar</name>
            <returntype>boolean</returntype>
            <parameter>
                <name>DrawUnreachedBar</name>
                <type>boolean</type>
            </parameter>
            <comment></comment>
        </property>
        <property>
            <name>ProgressTextVisibility</name>
            <returntype>boolean</returntype>
            <parameter>
                <name>visible</name>
                <type>boolean</type>
            </parameter>
            <comment></comment>
        </property>
        <property>
            <name>ReachedBarColor</name>
            <returntype>int</returntype>
            <parameter>
                <name>progressColor</name>
                <type>int</type>
            </parameter>
            <comment></comment>
        </property>
        <property>
            <name>Visible</name>
            <returntype>boolean</returntype>
            <parameter>
                <name>arg0</name>
                <type>boolean</type>
            </parameter>
            <comment></comment>
        </property>
        <property>
            <name>Padding</name>
            <returntype>int[]</returntype>
            <parameter>
                <name>arg0</name>
                <type>int[]</type>
            </parameter>
            <comment></comment>
        </property>
        <property>
            <name>Height</name>
            <returntype>int</returntype>
            <parameter>
                <name>arg0</name>
                <type Pixel="true">int</type>
            </parameter>
            <comment></comment>
        </property>
        <property>
            <name>TextColor</name>
            <returntype>int</returntype>
            <comment>Get progress text color.</comment>
        </property>
        <property>
            <name>Width</name>
            <returntype>int</returntype>
            <parameter>
                <name>arg0</name>
                <type Pixel="true">int</type>
            </parameter>
            <comment></comment>
        </property>
        <property>
            <name>Default_text_color</name>
            <returntype>int</returntype>
            <comment></comment>
        </property>
        <property>
            <name>UnreachedBarColor</name>
            <returntype>int</returntype>
            <parameter>
                <name>barColor</name>
                <type>int</type>
            </parameter>
            <comment></comment>
        </property>
        <property>
            <name>CurrentProgress</name>
            <returntype>int</returntype>
            <parameter>
                <name>CurrentProgress</name>
                <type>int</type>
            </parameter>
            <comment></comment>
        </property>
        <property>
            <name>Progress</name>
            <returntype>int</returntype>
            <parameter>
                <name>progress</name>
                <type>int</type>
            </parameter>
            <comment></comment>
        </property>
        <property>
            <name>Default_unreached_bar_height</name>
            <returntype>float</returntype>
            <comment></comment>
        </property>
        <property>
            <name>Background</name>
            <returntype>android.graphics.drawable.Drawable</returntype>
            <parameter>
                <name>arg0</name>
                <type>android.graphics.drawable.Drawable</type>
            </parameter>
            <comment></comment>
        </property>
        <property>
            <name>ReachedBarHeight</name>
            <returntype>float</returntype>
            <parameter>
                <name>height</name>
                <type>float</type>
            </parameter>
            <comment></comment>
        </property>
        <property>
            <name>Color</name>
            <parameter>
                <name>arg0</name>
                <type>int</type>
            </parameter>
            <comment></comment>
        </property>
        <property>
            <name>IfDrawText</name>
            <returntype>boolean</returntype>
            <parameter>
                <name>IfDrawText</name>
                <type>boolean</type>
            </parameter>
            <comment></comment>
        </property>
        <property>
            <name>TextSize</name>
            <returntype>float</returntype>
            <parameter>
                <name>TextSize</name>
                <type>float</type>
            </parameter>
            <comment></comment>
        </property>
        <property>
            <name>DrawTextEnd</name>
            <returntype>float</returntype>
            <parameter>
                <name>DrawTextEnd</name>
                <type>float</type>
            </parameter>
            <comment></comment>
        </property>
        <property>
            <name>Enabled</name>
            <returntype>boolean</returntype>
            <parameter>
                <name>arg0</name>
                <type>boolean</type>
            </parameter>
            <comment></comment>
        </property>
        <property>
            <name>Offset</name>
            <returntype>float</returntype>
            <parameter>
                <name>Offset</name>
                <type>float</type>
            </parameter>
            <comment></comment>
        </property>
        <property>
            <name>Suffix</name>
            <returntype>java.lang.String</returntype>
            <parameter>
                <name>suffix</name>
                <type>java.lang.String</type>
            </parameter>
            <comment></comment>
        </property>
        <property>
            <name>Top</name>
            <returntype>int</returntype>
            <parameter>
                <name>top</name>
                <type>int</type>
            </parameter>
            <comment></comment>
        </property>
        <property>
            <name>Default_reached_bar_height</name>
            <returntype>float</returntype>
            <comment></comment>
        </property>
        <property>
            <name>ProgressTextColor</name>
            <parameter>
                <name>textColor</name>
                <type>int</type>
            </parameter>
            <comment></comment>
        </property>
        <property>
            <name>UnreachedBarHeight</name>
            <returntype>float</returntype>
            <parameter>
                <name>height</name>
                <type>float</type>
            </parameter>
            <comment></comment>
        </property>
        <property>
            <name>Tag</name>
            <returntype>java.lang.Object</returntype>
            <parameter>
                <name>arg0</name>
                <type>java.lang.Object</type>
            </parameter>
            <comment></comment>
        </property>
        <property>
            <name>ProgressTextSize</name>
            <returntype>float</returntype>
            <parameter>
                <name>textSize</name>
                <type>float</type>
            </parameter>
            <comment>Get progress text size.</comment>
        </property>
    </class>
    <version>3.0</version>
    <comment>&lt;link&gt;...|http://www.b4x.com&lt;/link&gt;</comment>
    <dependsOn>NumberProgressBar.aar</dependsOn>
</root>
